step	loss
0	0.6050832271575928
1	1.2526682615280151
