step	loss
0	3.2137999534606934
1	4.876519680023193
