{
    "train": {
        "loss": 4.876519680023193
    },
    "eval": {
        "loss": 1.2526682615280151
    },
    "dice": 0.0,
    "jaccard_coeff": 0.0,
    "step": 1
}
